use web_trunggian;
insert into `account`
values
('adminNha' , 'Active' , '$2a$12$ON64xosw9Sez.Rt8k0uTU.o09LxjIP96cQPWjny252vBbZLSQy0s.' ,"",null, 1),
('adminVuong' , 'Active' , '$2a$12$ON64xosw9Sez.Rt8k0uTU.o09LxjIP96cQPWjny252vBbZLSQy0s.' ,"",null, 1),
('adminToan' , 'Active' , '$2a$12$ON64xosw9Sez.Rt8k0uTU.o09LxjIP96cQPWjny252vBbZLSQy0s.' ,"",null, 1),
('adminVinh' , 'Active' , '$2a$12$ON64xosw9Sez.Rt8k0uTU.o09LxjIP96cQPWjny252vBbZLSQy0s.' ,"",null, 1),
('adminHau', 'Active' , '$2a$12$ON64xosw9Sez.Rt8k0uTU.o09LxjIP96cQPWjny252vBbZLSQy0s.' ,"",null, 1),
('nha', 'Active' , '$2a$12$ON64xosw9Sez.Rt8k0uTU.o09LxjIP96cQPWjny252vBbZLSQy0s.' ,"",null, 1),
('hau', 'Active' , '$2a$12$ON64xosw9Sez.Rt8k0uTU.o09LxjIP96cQPWjny252vBbZLSQy0s.' ,"",null, 1),
('vuong', 'Active' , '$2a$12$ON64xosw9Sez.Rt8k0uTU.o09LxjIP96cQPWjny252vBbZLSQy0s.' ,"",null, 1),
('toan', 'Active' , '$2a$12$ON64xosw9Sez.Rt8k0uTU.o09LxjIP96cQPWjny252vBbZLSQy0s.' ,"",null, 1),
('vinh', 'Active' , '$2a$12$ON64xosw9Sez.Rt8k0uTU.o09LxjIP96cQPWjny252vBbZLSQy0s.' ,"",null, 1),
('salernha', 'Active' , '$2a$12$ON64xosw9Sez.Rt8k0uTU.o09LxjIP96cQPWjny252vBbZLSQy0s.' ,"",null, 1),
('salerchau', 'Active' , '$2a$12$ON64xosw9Sez.Rt8k0uTU.o09LxjIP96cQPWjny252vBbZLSQy0s.' ,"",null, 1),
('salervuong', 'Active' , '$2a$12$ON64xosw9Sez.Rt8k0uTU.o09LxjIP96cQPWjny252vBbZLSQy0s.' ,"",null, 1),
('salertoan', 'Active' , '$2a$12$ON64xosw9Sez.Rt8k0uTU.o09LxjIP96cQPWjny252vBbZLSQy0s.' ,"",null, 1),
('salervinh', 'Active' , '$2a$12$ON64xosw9Sez.Rt8k0uTU.o09LxjIP96cQPWjny252vBbZLSQy0s.' ,"",null, 1);

insert into `role`
values
(1 , 'ROLE_ADMIN'),
(2 , 'ROLE_CUSTOMER'),
(3 , 'ROLE_SALER');

insert into account_role
values
('adminNha' , 1),
('adminVuong' ,1),
('adminToan' ,1),
('adminVinh' ,1),
('adminHau' ,1),
('nha' , 2),
('vuong' , 2),
('hau' , 2),
('vinh' , 2),
('toan' , 2),
('salernha' , 3),
('salerchau' , 3),
('salervuong' , 3),
('salertoan' , 3),
('salervinh' , 3);

insert into `category`
values
(1 , 'menfashion.png' , 'Mens Fashion'),
(2 , 'womanfashion.png' , 'Womans Fashion'),
(3 , 'accessory.png' , 'Accessory'),
(4 , 'bag.png' , 'Bags'),
(5 , 'camera.png' , 'Camera'),
(6 , 'footwareman.png' , 'Footware Man'),
(7 , 'footwarewoman.png' , 'Footware Woman'),
(8 , 'health.png' , 'Health'),
(9 , 'houseware.png' , 'Houseware'),
(10 , 'laptop.png' , 'Laptop'),
(11 , 'makeup.png' , 'Make-up'),
(12 , 'motherbaby.png' , 'Mother and baby'),
(13 , 'smartphone.png' , 'Smartphone'),
(14 , 'TV.png' , 'Television'),
(15 , 'watch.png' , 'Watch'),
(16 , 'sport.png' , 'Sport');


insert into `discount`
values
(1 , '18-09-2021' , 'discount10' , '18-09-2022' , 1),
(2 , '18-09-2021' , 'discount20' , '18-09-2022' , 1),
(3 , '18-09-2021' , 'discount30' , '18-09-2022' , 1),
(4 , '18-09-2021' , 'discount40' , '18-09-2022' , 1),
(5 , '18-09-2021' , 'discount50' , '18-09-2022' , 1),
(6 , '18-09-2021' , 'discount60' , '18-09-2022' , 1),
(7 , '18-09-2021' , 'discount70' , '18-09-2022' , 1),
(8 , '18-09-2021' , 'discount80' , '18-09-2022' , 1),
(9 , '18-09-2021' , 'discount90' , '18-09-2022' , 1),
(10 , '18-09-2021' , 'discount100' , '18-09-2022' , 1);

insert into `user`
values
(1 , '01-01-2000' , 'Da Nang' , 'tranquocnha@gmail.com' , 'Tran Quoc Nha' , '123456789' , '0966623653' , 1 , 'adminNha'),
(2 , '02-01-2000' , 'Da Nang' , 'nguyenducvuong@gmail.com' , 'Nguyen Duc Vuong' , '123456789' ,'0544412141' , 1 , 'adminVuong'),
(3 , '03-01-2000' , 'Da Nang' , 'huynhxuanvinh@gmail.com' , 'Huynh Xuan Vinh' , '123456789' , '0633325214' , 1 , 'adminVinh'),
(4 , '04-01-2000' , 'Da Nang' , 'nguyentrunghau@gmail.com' , 'Nguyen Trung Hau' ,'123456789' , '0366632542' , 1 , 'adminHau'),
(5 , '05-01-2000' , 'Da Nang' , 'phanthanhtoan@gmail.com' , 'Phan Thanh Toan' ,'123456789' , '0522212142' , 1 , 'adminToan'),
(6 , '06-01-2000' , 'Da Nang' , 'tranquocnha@gmail.com' , 'Tran Quoc Nha' ,'123456789' , '0966623653' , 1 , 'nha'),
(7 , '07-01-2000' , 'Da Nang' , 'nguyenducvuong@gmail.com' , 'Nguyen Duc Vuong' ,'123456789' , '0966623653' , 1 , 'vuong'),
(8 , '08-01-2000' , 'Da Nang' , 'huynhxuanvinh@gmail.com' , 'Huynh Xuan Vinh' ,'123456789' , '0966623653' , 1 , 'vinh'),
(9 , '09-01-2000' , 'Da Nang' , 'nguyentrunghau@gmail.com' , 'TNguyen Trung Hau' ,'123456789' , '0966623653' , 1 , 'hau'),
(10 , '10-01-2000' , 'Da Nang' , 'phanthanhtoan@gmail.com' , 'Phan Thanh Toan' ,'123456789' , '0966623653' , 1 , 'toan'),
(11 , '11-01-2000' , 'Da Nang' , 'tranquocnha@gmail.com' , 'Tran Quoc Nha' ,'123456789' , '0966623653' , 1 , 'salernha'),
(12 , '12-01-2000' , 'Da Nang' , 'nguyenducvuong@gmail.com' , 'Nguyen Duc Vuong' ,'123456789' , '0966623653' , 1 , 'salervuong'),
(13 , '01-02-2000' , 'Da Nang' , 'huynhxuanvinh@gmail.com' , 'Huynh Xuan Vinh' ,'123456789' , '0966623653' , 1 , 'salervinh'),
(14 , '01-03-2000' , 'Da Nang' , 'nguyentrunghau@gmail.com' , 'Nguyen Trung Hau' ,'123456789' , '0966623653' , 1 , 'salerchau'),
(15 , '01-04-2000' , 'Da Nang' , 'phanthanhtoan@gmail.com' , 'Phan Thanh Toan' ,'123456789' , '0966623653' , 1 , 'salertoan');

insert into `product`
values
(1 , '18-09-2021' , 'Normal.' , 'samsung1.jpg', 'samsung2.jpg', 'samsung2.jpg' , '112252' , 'Samsung' ,'15', 'Đã duyệt' , 'salernha' ,'14'),
(2 , '18-09-2021' , 'Normal.' , 'LG1.jpg', 'LG2.jpg', 'LG3.jpg' , '445145' , 'LG' ,'15', 'Đã duyệt' , 'salernha' ,'14'),
(3 , '18-09-2021' , 'Normal.' , 'panasonic1.jpg', 'panasonic3.jpg', 'panasonic3.jpg' , '996565' , 'Panasonic' ,'15', 'Đã duyệt' , 'salernha' ,'14'),
(4 , '18-09-2021' , 'Normal.' , 'sony1.jpg', 'sony2.jpg', 'sony3.jpg' , '125224' , 'Sony' ,'15', 'Đã duyệt' , 'salernha' ,'14'),
(5 , '18-09-2021' , 'Normal.' , 'xiaomi1.jpg', 'xiaomi2.jpg', 'xiaomi3.jpg' , '96558' , 'Xiaomi' ,'15', 'Đã duyệt' , 'salernha' ,'14'),

(6 , '18-09-2021' , 'Normal.' , 'appl1.jpg', 'appl2.jpg', 'appl3.jpg' , '112252' , 'Apple Watch' ,'15', 'Đã duyệt' , 'salernha','15'),
(7 , '18-09-2021' , 'Normal.' , 'casio1.jpg', 'casio2.jpg', 'casio3.jpg' , '445145' , 'Casio' ,'15', 'Đã duyệt', 'salernha' ,'15'),
(8 , '18-09-2021' , 'Normal.' , 'danielwellington1.jpg', 'danielwellington2.jpg', 'danielwellington3.jpg' , '996565' , 'Daniel Wellington' ,'15', 'Đã duyệt' , 'salernha','15'),
(9 , '18-09-2021' , 'Normal.' , 'rolex1.jpg', 'rolex2.jpg', 'rolex3.jpg' , '125224' , 'Rolex Swiss Made' ,'15', 'Đã duyệt', 'salernha' ,'15'),
(10 , '18-09-2021' , 'Normal.' , 'hublot1.jpg', 'hublot2.jpg', 'hublot3.jpg' , '96558' , 'Hublot' ,'15','Đã duyệt', 'salernha' ,'15'),

(11 , '18-09-2021' , 'Normal.' , 'clothes1.jpg', 'clothes2.jpg', 'clothes3.jpg' , '112252' , 'Clothes' ,'15','Đã duyệt', 'salervuong' ,'16'),
(12 , '18-09-2021' , 'Normal.' , 'racket1.jpg', 'racket2.jpg', 'racket3.jpg', '445145' , 'Racket' ,'15', 'Đã duyệt', 'salervuong' ,'16'),
(13 , '18-09-2021' , 'Normal.' , 'ball1.jpg', 'ball2.jpg', 'ball3.jpg', '996565' , 'Ball' ,'15', 'Đã duyệt' , 'salervuong','16'),
(14 , '18-09-2021' , 'Normal.' , 'gloves1.jpg', 'gloves2.jpg', 'gloves3.jpg' , '125224' , 'Glove' ,'15', 'Đã duyệt' , 'salervuong','16'),
(15 , '18-09-2021' , 'Normal.' , 'sneaker1.jpg', 'sneaker2.jpg', 'sneaker3.jpg' , '96558' , 'Sneaker' ,'15', 'Đã duyệt', 'salervuong' ,'16'),

(16 , '18-09-2021' , 'Normal.' , 'tshirt1.jpg', 'tshirt2.jpg', 'tshirt3.jpg' , '23000' , 'T-shirt' ,'10', 'Đã duyệt' , 'salervuong','1'),
(17 , '18-09-2021' , 'Normal.' , 'shirt1.jpg', 'shirt2.jpg', 'shirt3.jpg' , '93000' , 'Shirt' ,'20', 'Đã duyệt', 'salervuong' ,'1'),
(18 , '18-09-2021' , 'Normal.' , 'jeans1.jpg', 'jeans2.jpg', 'jeans3.jpg' , '103000' , 'Jeans' ,'15', 'Đã duyệt', 'salervuong' ,'1'),
(19 , '18-09-2021' , 'Normal.' , 'hat1.jpg' , 'hat2.jpg', 'hat3.jpg', '66933' , 'Hat' ,'30', 'Đã duyệt', 'salervuong' ,'1'),
(20 , '18-09-2021' , 'Normal.' , 'dress1.jpg', 'dress2.jpg', 'dress3.jpg' , '336621' , 'Dress' ,'15', 'Đã duyệt' , 'salervuong','1'),

(21 , '18-09-2021' , 'Normal.' , 'shirt1.jpg', 'shirt2.jpg', 'shirt3.jpg' , '112252' , 'Shirt' ,'15', 'Đã duyệt' , 'salertoan','2'),
(22 , '18-09-2021' , 'Normal.' , 'bikini1.jpg', 'bikini2.jpg', 'bikini3.jpg' , '445145' , 'Bikini' ,'15', 'Đã duyệt', 'salertoan' ,'2'),
(23 , '18-09-2021' , 'Normal.' , 'dress1.jpg', 'dress2.jpg' , 'dress3.jpg'  , '996565' , 'Jeans' ,'15', 'Đã duyệt', 'salertoan' ,'2'),
(24 , '18-09-2021' , 'Normal.' , 'skirt1.jpg', 'skirt2.jpg', 'skirt3.jpg' , '125224' , 'Skirt' ,'15', 'Đã duyệt' , 'salertoan','2'),
(25 , '18-09-2021' , 'Normal.' , 'sweater1.jpg', 'sweater2.jpg', 'sweater3.jpg' , '96558' , 'Sweater' ,'15', 'Đã duyệt' , 'salertoan','2'),

(26 , '18-09-2021' , 'Normal.' , 'case1.jpg', 'case2.jpg', 'case3.jpg' , '223214' , 'Phone Case' ,'15', 'Đã duyệt' , 'salertoan','3'),
(27 , '18-09-2021' , 'Normal.' , 'charge1.jpg', 'charge2.jpg', 'charge3.jpg' , '445145' , 'Backup Charger' ,'15', 'Không duyệtt' , 'salertoan','3'),
(28 , '18-09-2021' , 'Normal.' , 'phonecharge1.jpg', 'phonecharge2.jpg', 'phonecharge3.jpg' , '996565' , 'Phone Charger' ,'15', 'Đã duyệt', 'salertoan' ,'3'),
(29 , '18-09-2021' , 'Normal.' , 'decal1.jpg', 'decal2.jpg', 'decal3.jpg' , '125224' , 'Decal' ,'15', 'Đã duyệt', 'salertoan' ,'3'),
(30 , '18-09-2021' , 'Normal.' , 'usb1.jpg', 'usb2.jpg', 'usb3.jpg' , '96558' , 'USB' ,'15', 'Đã duyệt' , 'salertoan','3'),

(31 , '18-09-2021' , 'Normal.' , 'black1.jpg', 'black2.jpg', 'black3.jpg' , '112252' , 'Black Bag' ,'15', 'Đã duyệt' , 'salerchau','4'),
(32 , '18-09-2021' , 'Normal.' , 'green1.jpg', 'green2.jpg', 'green3.jpg' , '445145' , 'Green Bag' ,'15', 'Đã duyệt' , 'salerchau','4'),
(33 , '18-09-2021' , 'Normal.' , 'red1.jpg', 'red2.jpg', 'red3.jpg' , '996565' , 'Red Bag' ,'15', 'Đã duyệt' , 'salerchau','4'),
(34 , '18-09-2021' , 'Normal.' , 'yellow1.jpg', 'yellow2.jpg', 'yellow3.jpg' , '125224' , 'Yellow Bag' ,'15', 'Đã duyệt' , 'salerchau','4'),
(35 , '18-09-2021' , 'Normal.' , 'white1.jpg', 'white2.jpg', 'white3.jpg' , '96558' , 'White Bag' ,'15', 'Đã duyệt' , 'salerchau','4'),

(36 , '18-09-2021' , 'Normal.' , 'bosch1.jpg', 'bosch2.jpg', 'bosch3.jpg' , '112252' , 'Bosch' ,'15', 'Đã duyệt' , 'salerchau','5'),
(37 , '18-09-2021' , 'Normal.' , 'dahua1.jpg', 'dahua2.jpg', 'dahua3.jpg' , '445145' , 'Dahua' ,'15', 'Đã duyệt' , 'salerchau','5'),
(38 , '18-09-2021' , 'Normal.' , 'Hikvision1.jpg', 'Hikvision2.jpg', 'Hikvision3.jpg' , '996565' , 'Hikvision' ,'15', 'Đã duyệt' ,'salerchau','5'),
(39 , '18-09-2021' , 'Normal.' , 'vantech1.jpg', 'vantech2.jpg', 'vantech3.jpg' , '125224' , 'Vantech' ,'15', 'Đã duyệt' , 'salerchau','5'),
(40 , '18-09-2021' , 'Normal.' , 'yoosee1.jpg', 'yoosee2.jpg', 'yoosee3.jpg' , '96558' , 'Yoosee' ,'15', 'Đã duyệt' , 'salerchau','5'),

(41 , '18-09-2021' , 'Normal' , 'Boots1.jpg', 'Boots2.jpg' , 'Boots3.jpg'  , '112252' , 'Boots' ,'15', 'Đã duyệt' , 'salervinh','6'),
(42 , '18-09-2021' , 'Normal' , 'Sneaker1.jpg', 'Sneaker2.jpg', 'Sneaker3.jpg' , '445145' , 'Sneaker' ,'15', 'Đã duyệt' , 'salervinh','6'),
(43 , '18-09-2021' , 'Normal' , 'Sandals1.jpg', 'Sandals2.jpg', 'Sandals3.jpg' , '996565' , 'Sandals' ,'15', 'Đã duyệt' , 'salervinh','6'),
(44 , '18-09-2021' , 'Normal' , 'LeatherShoes1.jpg', 'LeatherShoes2.jpg', 'LeatherShoes3.jpg' , '125224' , 'Leather Shoes' ,'15', 'Đã duyệt' , 'salervinh','6'),
(45 , '18-09-2021' , 'Normal' , 'HighNeckShoes1.jpg', 'HighNeckShoes2.jpg' , 'HighNeckShoes3.jpg'  , '96558' , 'High Neck Shoes' ,'15', 'Đã duyệt' , 'salervinh','6'),

(46 , '18-09-2021' , 'Normal' , 'BootsWm1.jpg', 'BootsWm2.jpg', 'BootsWm3.jpg' , '112252' , 'Boots' ,'15', 'Đã duyệt' , 'salervinh','7'),
(47 , '18-09-2021' , 'Normal' , 'SneakerWm1.jpg', 'SneakerWm2.jpg', 'SneakerWm3.jpg' , '445145' , 'Sneaker' ,'15', 'Đã duyệt' , 'salervinh','7'),
(48 , '18-09-2021' , 'Normal' , 'SandalsWm1.jpg', 'SandalsWm2.jpg', 'SandalsWm3.jpg' , '996565' , 'Sandals' ,'15', 'Đã duyệt' , 'salervinh','7'),
(49 , '18-09-2021' , 'Normal' , 'LeatherShoesWm1.jpg', 'LeatherShoesWm2.jpg', 'LeatherShoesWm3.jpg' , '125224' , 'Leather Shoes' ,'15', 'Đã duyệt' , 'salervinh','7'),
(50 , '18-09-2021' , 'Normal' , 'HighNeckShoesWm1.jpg', 'HighNeckShoesWm2.jpg', 'HighNeckShoesWm3.jpg' , '96558' , 'High Neck Shoes' ,'15', 'Đã duyệt' , 'salervinh','7'),

(51 , '18-09-2021' , 'Normal' , 'MedicalSupplies1.jpg', 'MedicalSupplies2.jpg', 'MedicalSupplies3.jpg' , '112252' , 'Medical Supplies' ,'15', 'Đã duyệt' , 'salervinh','8'),
(52 , '18-09-2021' , 'Normal' , 'FunctionalFoods1.jpg', 'FunctionalFoods2.jpg', 'FunctionalFoods3.jpg' , '445145' , 'Functional Foods' ,'15', 'Đã duyệt' , 'salervinh','8'),
(53 , '18-09-2021' , 'Normal' , 'MedicalMasks1.jpg', 'MedicalMasks2.jpg', 'MedicalMasks3.jpg' , '996565' , 'Medical Masks' ,'15', 'Đã duyệt' , 'salervinh','8'),
(54 , '18-09-2021' , 'Normal' , 'Bandage1.jpg', 'Bandage2.jpg', 'Bandage3.jpg' , '125224' , 'Bandage' ,'15', 'Đã duyệt' , 'salervinh','8'),
(55 , '18-09-2021' , 'Normal' , 'Gel1.jpg', 'Gel2.jpg', 'Gel3.jpg' , '96558' , 'Gel' ,'15', 'Đã duyệt' , 'salervinh','8'),

(56 , '18-09-2021' , 'Normal' , 'Bowl1.jpg', 'Bowl2.jpg', 'Bowl3.jpg' , '112252' , 'Bowl' ,'15', 'Đã duyệt' , 'salertoan','9'),
(57 , '18-09-2021' , 'Normal' , 'Pot1.jpg' , 'Pot2.jpg' , 'Pot3.jpg' , '445145' , 'Pot' ,'15', 'Đã duyệt' , 'salertoan','9'),
(58 , '18-09-2021' , 'Normal' , 'Knife1.jpg', 'Knife2.jpg', 'Knife3.jpg' , '996565' , 'Knife' ,'15', 'Đã duyệt' ,'salertoan','9'),
(59 , '18-09-2021' , 'Normal' , 'Drag1.jpg', 'Drag2.jpg', 'Drag3.jpg' , '125224' , 'Drag' ,'15', 'Đã duyệt' , 'salertoan','9'),
(60 , '18-09-2021' , 'Normal' , 'ChoppingBoard1.jpg', 'ChoppingBoard2.jpg', 'ChoppingBoard3.jpg' , '96558' , 'Chopping board' ,'15', 'Đã duyệt' , 'salertoan','9'),

(61 , '18-09-2021' , 'Normal' , 'Macbook1.jpg', 'Macbook2.jpg', 'Macbook3.jpg' , '112252' , 'Macbook' ,'15', 'Đã duyệt' , 'salertoan','10'),
(62 , '18-09-2021' , 'Normal' , 'Dell1.jpg', 'Dell2.jpg', 'Dell3.jpg' , '445145' , 'Dell' ,'15', 'Đã duyệt' , 'salertoan','10'),
(63 , '18-09-2021' , 'Normal' , 'HP1.jpg', 'HP2.jpg', 'HP3.jpg' , '996565' , 'HP' ,'15', 'Đã duyệt' , 'salertoan','10'),
(64 , '18-09-2021' , 'Normal' , 'Acer1.jpg', 'Acer2.jpg', 'Acer3.jpg' , '125224' , 'Acer' ,'15', 'Đã duyệt' , 'salertoan','10'),
(65 , '18-09-2021' , 'Normal' , 'Lenovo1.jpg', 'Lenovo2.jpg', 'Lenovo3.jpg' , '96558' , 'Lenovo' ,'15', 'Đã duyệt' , 'salertoan','10'),

(66 , '18-09-2021' , 'Normal' , 'Lipstick1.jpg', 'Lipstick2.jpg', 'Lipstick3.jpg' , '112252' , 'Lipstick' ,'15', 'Đã duyệt' , 'salernha','11'),
(67 , '18-09-2021' , 'Normal' , 'Eyeliner1.jpg', 'Eyeliner2.jpg', 'Eyeliner3.jpg' , '445145' , 'Eyeliner' ,'15', 'Đã duyệt' , 'salernha','11'),
(68 , '18-09-2021' , 'Normal' , 'Perfume1.jpg', 'Perfume2.jpg', 'Perfume3.jpg' , '996565' , 'Perfume' ,'15', 'Đã duyệt' , 'salernha','11'),
(69 , '18-09-2021' , 'Normal' , 'SkinCare1.jpg', 'SkinCare2.jpg', 'SkinCare3.jpg' , '125224' , 'Skin Care' ,'15', 'Đã duyệt' , 'salernha','11'),
(70 , '18-09-2021' , 'Normal' , 'Mask1.jpg', 'Mask2.jpg', 'Mask3.jpg' , '96558' , 'Mask' ,'15', 'Đã duyệt', 'salernha','11'),

(71 , '18-09-2021' , 'Normal' , 'Toy1.jpg', 'Toy2.jpg', 'Toy3.jpg' , '112252' , 'Toy' ,'15', 'Đã duyệt' , 'salernha','12'),
(72 , '18-09-2021' , 'Normal' , 'Towel1.jpg', 'Towel2.jpg', 'Towel3.jpg' , '445145' , 'Towel' ,'15', 'Không duyệt' , 'salernha','12'),
(73 , '18-09-2021' , 'Normal' , 'Diapers1.jpg', 'Diapers2.jpg', 'Diapers3.jpg' , '996565' , 'Diapers' ,'15', 'Chưa duyệt' , 'salernha','12'),
(74 , '18-09-2021' , 'Normal' , 'Milk1.jpg', 'Milk2.jpg', 'Milk3.jpg' , '125224' , 'Milk' ,'15', 'Chưa duyệt' , 'salernha','12'),
(75 , '18-09-2021' , 'Normal' , 'BabyStroller1.jpg', 'BabyStroller2.jpg', 'BabyStroller3.jpg' , '96558' , 'Baby Stroller' ,'15', 'Chưa duyệt' , 'salernha','12'),

(76 , '18-09-2021' , 'Normal' , 'Samsung1.jpg', 'Samsung2.jpg', 'Samsung3.jpg' , '112252' , 'Samsung' ,'15', 'Chưa duyệt' , 'salernha','13'),
(77 , '18-09-2021' , 'Normal' , 'Nokia1.jpg', 'Nokia2.jpg', 'Nokia3.jpg' , '445145' , 'Nokia' ,'15', 'Chưa duyệt' , 'salernha','13'),
(78 , '18-09-2021' , 'Normal' , 'Iphone1.jpg', 'Iphone2.jpg', 'Iphone3.jpg' , '996565' , 'Iphone' ,'15', 'Chưa duyệt' , 'salernha','13'),
(79 , '18-09-2021' , 'Normal' , 'Oppo1.jpg', 'Oppo2.jpg', 'Oppo3.jpg' , '125224' , 'Oppo' ,'15', 'Chưa duyệt', 'salernha','13'),
(80 , '18-09-2021' , 'Normal' , 'Redmi1.jpg', 'Redmi2.jpg', 'Redmi3.jpg' , '96558' , 'Redmi' ,'15', 'Chưa duyệt' , 'salernha','13');

insert into `comment`
values
(1 , 'Máy nghe không rõ' ,1),
(2 , 'Máy nghe không rõ' ,1),
(3 , 'Máy nghe không rõ' ,1),
(4 , 'Máy nghe không rõ' ,2),
(5 , 'Máy nghe không rõ' ,2),
(6 , 'Máy nghe không rõ' ,2),
(7 , 'Good' , 2);

insert into `comment_user_product`
values
(1 , 1),
(1 , 2),
(1 , 3),
(2 , 1),
(2 , 2),
(7 , 1);

insert into `discount_product`
values
(1 , 1 , 'discount5' , 5),
(2 , 1 , 'discount10' , 10),
(3 , 1 , 'discount20'  , 20),
(4 , 1 , 'discount25'  , 25),
(5 , 1 , 'discount30'  , 30),

(1 , 2 , 'discount5' , 5),
(2 , 2 , 'discount10' , 10),
(3 , 2 , 'discount20'  , 20),
(4 , 2 , 'discount25'  , 25),
(5 , 2 , 'discount30'  , 30),

(1 , 3 , 'discount5' , 5),
(2 , 3 , 'discount10' , 10),
(3 , 3 , 'discount20'  , 20),
(4 , 3 , 'discount25'  , 25),
(5 , 3 , 'discount30'  , 30),


(1 , 4 , 'discount5' , 5),
(2 , 4 , 'discount10' , 10),
(3 , 4 , 'discount20'  , 20),
(4 , 4 , 'discount25'  , 25),
(5 , 4 , 'discount30'  , 30),

(1 , 5 , 'discount5' , 5),
(2 , 5 , 'discount10' , 10),
(3 , 5 , 'discount20'  , 20),
(4 , 5 , 'discount25'  , 25),
(5 , 5 , 'discount30'  , 30),

(1 , 6 , 'discount5' , 5),
(2 , 6 , 'discount10' , 10),
(3 , 6 , 'discount20'  , 20),
(4 , 6 , 'discount25'  , 25),
(5 , 6 , 'discount30'  , 30),

(1 , 7 , 'discount5' , 5),
(2 , 7 , 'discount10' , 10),
(3 , 7 , 'discount20'  , 20),
(4 , 7 , 'discount25'  , 25),
(5 , 7 , 'discount30'  , 30),

(1 , 8 , 'discount5' , 5),
(2 , 8 , 'discount10' , 10),
(3 , 8 , 'discount20'  , 20),
(4 , 8 , 'discount25'  , 25),
(5 , 8 , 'discount30'  , 30),

(1 , 9 , 'discount5' , 5),
(2 , 9 , 'discount10' , 10),
(3 , 9 , 'discount20'  , 20),
(4 , 9 , 'discount25'  , 25),
(5 , 9 , 'discount30'  , 30),

(1 , 10 , 'discount5' , 5),
(2 , 10 , 'discount10' , 10),
(3 , 10 , 'discount20'  , 20),
(4 , 10 , 'discount25'  , 25),
(5 , 10 , 'discount30'  , 30),

(1 , 11 , 'discount5' , 5),
(2 , 11 , 'discount10' , 10),
(3 , 11 , 'discount20'  , 20),
(4 , 11 , 'discount25'  , 25),
(5 , 11 , 'discount30'  , 30),


(1 , 12 , 'discount5' , 5),
(2 , 12 , 'discount10' , 10),
(3 , 12 , 'discount20'  , 20),
(4 , 12 , 'discount25'  , 25),
(5 , 12 , 'discount30'  , 30),

(1 , 13 , 'discount5' , 5),
(2 , 13 , 'discount10' , 10),
(3 , 13 , 'discount20'  , 20),
(4 , 13 , 'discount25'  , 25),
(5 , 13 , 'discount30'  , 30),

(1 , 14 , 'discount5' , 5),
(2 , 14 , 'discount10' , 10),
(3 , 14 , 'discount20'  , 20),
(4 , 14 , 'discount25'  , 25),
(5 , 14 , 'discount30'  , 30),

(1 , 15 , 'discount5' , 5),
(2 , 15 , 'discount10' , 10),
(3 , 15 , 'discount20'  , 20),
(4 , 15 , 'discount25'  , 25),
(5 , 15 , 'discount30'  , 30),

(1 , 16 , 'discount5' , 5),
(2 , 16 , 'discount10' , 10),
(3 , 16 , 'discount20'  , 20),
(4 , 16 , 'discount25'  , 25),
(5 , 16 , 'discount30'  , 30),

(1 , 17 , 'discount5' , 5),
(2 , 17 , 'discount10' , 10),
(3 , 17 , 'discount20'  , 20),
(4 , 17 , 'discount25'  , 25),
(5 , 17 , 'discount30'  , 30),

(1 , 18 , 'discount5' , 5),
(2 , 18 , 'discount10' , 10),
(3 , 18 , 'discount20'  , 20),
(4 , 18 , 'discount25'  , 25),
(5 , 18 , 'discount30'  , 30),

(1 , 19 , 'discount5' , 5),
(2 , 19 , 'discount10' , 10),
(3 , 19 , 'discount20'  , 20),
(4 , 19 , 'discount25'  , 25),
(5 , 19 , 'discount30'  , 30),

(1 , 20 , 'discount5' , 5),
(2 , 20 , 'discount10' , 10),
(3 , 20 , 'discount20'  , 20),
(4 , 20 , 'discount25'  , 25),
(5 , 20 , 'discount30'  , 30),

(1 , 21 , 'discount5' , 5),
(2 , 21 , 'discount10' , 10),
(3 , 21 , 'discount20'  , 20),
(4 , 21 , 'discount25'  , 25),
(5 , 21 , 'discount30'  , 30),

(1 , 22 , 'discount5' , 5),
(2 , 22 , 'discount10' , 10),
(3 , 22 , 'discount20'  , 20),
(4 , 22 , 'discount25'  , 25),
(5 , 22 , 'discount30'  , 30),


(1 , 23 , 'discount5' , 5),
(2 , 23 , 'discount10' , 10),
(3 , 23 , 'discount20'  , 20),
(4 , 23 , 'discount25'  , 25),
(5 , 23 , 'discount30'  , 30),

(1 , 24 , 'discount5' , 5),
(2 , 24 , 'discount10' , 10),
(3 , 24 , 'discount20'  , 20),
(4 , 24 , 'discount25'  , 25),
(5 , 24 , 'discount30'  , 30),

(1 , 25 , 'discount5' , 5),
(2 , 25 , 'discount10' , 10),
(3 , 25 , 'discount20'  , 20),
(4 , 25 , 'discount25'  , 25),
(5 , 25 , 'discount30'  , 30),

(1 , 26 , 'discount5' , 5),
(2 , 26 , 'discount10' , 10),
(3 , 26 , 'discount20'  , 20),
(4 , 26 , 'discount25'  , 25),
(5 , 26 , 'discount30'  , 30),

(1 , 27 , 'discount5' , 5),
(2 , 27 , 'discount10' , 10),
(3 , 27 , 'discount20'  , 20),
(4 , 27 , 'discount25'  , 25),
(5 , 27 , 'discount30'  , 30),

(1 , 28 , 'discount5' , 5),
(2 , 28 , 'discount10' , 10),
(3 , 28 , 'discount20'  , 20),
(4 , 28 , 'discount25'  , 25),
(5 , 28 , 'discount30'  , 30),

(1 , 29 , 'discount5' , 5),
(2 , 29 , 'discount10' , 10),
(3 , 29 , 'discount20'  , 20),
(4 , 29 , 'discount25'  , 25),
(5 , 29 , 'discount30'  , 30),

(1 , 30 , 'discount5' , 5),
(2 , 30 , 'discount10' , 10),
(3 , 30 , 'discount20'  , 20),
(4 , 30 , 'discount25'  , 25),
(5 , 30 , 'discount30'  , 30),

(1 , 31 , 'discount5' , 5),
(2 , 31 , 'discount10' , 10),
(3 , 31 , 'discount20'  , 20),
(4 , 31 , 'discount25'  , 25),
(5 , 31 , 'discount30'  , 30),

(1 , 32 , 'discount5' , 5),
(2 , 32 , 'discount10' , 10),
(3 , 32 , 'discount20'  , 20),
(4 , 32 , 'discount25'  , 25),
(5 , 32 , 'discount30'  , 30),

(1 , 33 , 'discount5' , 5),
(2 , 33 , 'discount10' , 10),
(3 , 33 , 'discount20'  , 20),
(4 , 33 , 'discount25'  , 25),
(5 , 33 , 'discount30'  , 30),

(1 , 34 , 'discount5' , 5),
(2 , 34 , 'discount10' , 10),
(3 , 34 , 'discount20'  , 20),
(4 , 34 , 'discount25'  , 25),
(5 , 34 , 'discount30'  , 30),

(1 , 35 , 'discount5' , 5),
(2 , 35 , 'discount10' , 10),
(3 , 35 , 'discount20'  , 20),
(4 , 35 , 'discount25'  , 25),
(5 , 35 , 'discount30'  , 30),

(1 , 36 , 'discount5' , 5),
(2 , 36 , 'discount10' , 10),
(3 , 36 , 'discount20'  , 20),
(4 , 36 , 'discount25'  , 25),
(5 , 36 , 'discount30'  , 30),

(1 , 37 , 'discount5' , 5),
(2 , 37 , 'discount10' , 10),
(3 , 37 , 'discount20'  , 20),
(4 , 37 , 'discount25'  , 25),
(5 , 37 , 'discount30'  , 30),

(1 , 38 , 'discount5' , 5),
(2 , 38 , 'discount10' , 10),
(3 , 38 , 'discount20'  , 20),
(4 , 38 , 'discount25'  , 25),
(5 , 38 , 'discount30'  , 30),

(1 , 39 , 'discount5' , 5),
(2 , 39 , 'discount10' , 10),
(3 , 39 , 'discount20'  , 20),
(4 , 39 , 'discount25'  , 25),
(5 , 39 , 'discount30'  , 30),

(1 , 40 , 'discount5' , 5),
(2 , 40 , 'discount10' , 10),
(3 , 40 , 'discount20'  , 20),
(4 , 40 , 'discount25'  , 25),
(5 , 40 , 'discount30'  , 30),

(1 , 41 , 'discount5' , 5),
(2 , 41 , 'discount10' , 10),
(3 , 41 , 'discount20'  , 20),
(4 , 41 , 'discount25'  , 25),
(5 , 41 , 'discount30'  , 30),


(1 , 42 , 'discount5' , 5),
(2 , 42 , 'discount10' , 10),
(3 , 42 , 'discount20'  , 20),
(4 , 42 , 'discount25'  , 25),
(5 , 42 , 'discount30'  , 30),

(1 , 43 , 'discount5' , 5),
(2 , 43 , 'discount10' , 10),
(3 , 43 , 'discount20'  , 20),
(4 , 43 , 'discount25'  , 25),
(5 , 43 , 'discount30'  , 30),

(1 , 44 , 'discount5' , 5),
(2 , 44 , 'discount10' , 10),
(3 , 44 , 'discount20'  , 20),
(4 , 44 , 'discount25'  , 25),
(5 , 44 , 'discount30'  , 30),

(1 , 45 , 'discount5' , 5),
(2 , 45 , 'discount10' , 10),
(3 , 45 , 'discount20'  , 20),
(4 , 45 , 'discount25'  , 25),
(5 , 45 , 'discount30'  , 30),

(1 , 46 , 'discount5' , 5),
(2 , 46 , 'discount10' , 10),
(3 , 46 , 'discount20'  , 20),
(4 , 46 , 'discount25'  , 25),
(5 , 46 , 'discount30'  , 30),

(1 , 47 , 'discount5' , 5),
(2 , 47 , 'discount10' , 10),
(3 , 47 , 'discount20'  , 20),
(4 , 47 , 'discount25'  , 25),
(5 , 47 , 'discount30'  , 30),

(1 , 48 , 'discount5' , 5),
(2 , 48 , 'discount10' , 10),
(3 , 48 , 'discount20'  , 20),
(4 , 48 , 'discount25'  , 25),
(5 , 48 , 'discount30'  , 30),

(1 , 49 , 'discount5' , 5),
(2 , 49 , 'discount10' , 10),
(3 , 49 , 'discount20'  , 20),
(4 , 49 , 'discount25'  , 25),
(5 , 49 , 'discount30'  , 30),

(1 , 50 , 'discount5' , 5),
(2 , 50 , 'discount10' , 10),
(3 , 50 , 'discount20'  , 20),
(4 , 50 , 'discount25'  , 25),
(5 , 50 , 'discount30'  , 30),

(1 , 51 , 'discount5' , 5),
(2 , 51 , 'discount10' , 10),
(3 , 51 , 'discount20'  , 20),
(4 , 51 , 'discount25'  , 25),
(5 , 51 , 'discount30'  , 30),

(1 , 52 , 'discount5' , 5),
(2 , 52 , 'discount10' , 10),
(3 , 52 , 'discount20'  , 20),
(4 , 52 , 'discount25'  , 25),
(5 , 52 , 'discount30'  , 30),


(1 , 53 , 'discount5' , 5),
(2 , 53 , 'discount10' , 10),
(3 , 53 , 'discount20'  , 20),
(4 , 53 , 'discount25'  , 25),
(5 , 53 , 'discount30'  , 30),

(1 , 54 , 'discount5' , 5),
(2 , 54 , 'discount10' , 10),
(3 , 54 , 'discount20'  , 20),
(4 , 54 , 'discount25'  , 25),
(5 , 54 , 'discount30'  , 30),

(1 , 55 , 'discount5' , 5),
(2 , 55 , 'discount10' , 10),
(3 , 55 , 'discount20'  , 20),
(4 , 55 , 'discount25'  , 25),
(5 , 55 , 'discount30'  , 30),

(1 , 56 , 'discount5' , 5),
(2 , 56 , 'discount10' , 10),
(3 , 56 , 'discount20'  , 20),
(4 , 56 , 'discount25'  , 25),
(5 , 56 , 'discount30'  , 30),

(1 , 57 , 'discount5' , 5),
(2 , 57 , 'discount10' , 10),
(3 , 57 , 'discount20'  , 20),
(4 , 57 , 'discount25'  , 25),
(5 , 57 , 'discount30'  , 30),

(1 , 58 , 'discount5' , 5),
(2 , 58 , 'discount10' , 10),
(3 , 58 , 'discount20'  , 20),
(4 , 58 , 'discount25'  , 25),
(5 , 58 , 'discount30'  , 30),

(1 , 59 , 'discount5' , 5),
(2 , 59 , 'discount10' , 10),
(3 , 59 , 'discount20'  , 20),
(4 , 59 , 'discount25'  , 25),
(5 , 59 , 'discount30'  , 30),

(1 , 60 , 'discount5' , 5),
(2 , 60 , 'discount10' , 10),
(3 , 60 , 'discount20'  , 20),
(4 , 60 , 'discount25'  , 25),
(5 , 60 , 'discount30'  , 30),

(1 , 61 , 'discount5' , 5),
(2 , 61 , 'discount10' , 10),
(3 , 61 , 'discount20'  , 20),
(4 , 61 , 'discount25'  , 25),
(5 , 61 , 'discount30'  , 30),


(1 , 62 , 'discount5' , 5),
(2 , 62 , 'discount10' , 10),
(3 , 62 , 'discount20'  , 20),
(4 , 62 , 'discount25'  , 25),
(5 , 62 , 'discount30'  , 30),

(1 , 63 , 'discount5' , 5),
(2 , 63 , 'discount10' , 10),
(3 , 63 , 'discount20'  , 20),
(4 , 63 , 'discount25'  , 25),
(5 , 63 , 'discount30'  , 30),

(1 , 64 , 'discount5' , 5),
(2 , 64 , 'discount10' , 10),
(3 , 64 , 'discount20'  , 20),
(4 , 64 , 'discount25'  , 25),
(5 , 64 , 'discount30'  , 30),

(1 , 65 , 'discount5' , 5),
(2 , 65 , 'discount10' , 10),
(3 , 65 , 'discount20'  , 20),
(4 , 65 , 'discount25'  , 25),
(5 , 65 , 'discount30'  , 30),

(1 , 66 , 'discount5' , 5),
(2 , 66 , 'discount10' , 10),
(3 , 66 , 'discount20'  , 20),
(4 , 66 , 'discount25'  , 25),
(5 , 66 , 'discount30'  , 30),

(1 , 67 , 'discount5' , 5),
(2 , 67 , 'discount10' , 10),
(3 , 67 , 'discount20'  , 20),
(4 , 67 , 'discount25'  , 25),
(5 , 67 , 'discount30'  , 30),

(1 , 68 , 'discount5' , 5),
(2 , 68 , 'discount10' , 10),
(3 , 68 , 'discount20'  , 20),
(4 , 68 , 'discount25'  , 25),
(5 , 68 , 'discount30'  , 30),

(1 , 69 , 'discount5' , 5),
(2 , 69 , 'discount10' , 10),
(3 , 69 , 'discount20'  , 20),
(4 , 69 , 'discount25'  , 25),
(5 , 69 , 'discount30'  , 30),

(1 , 70 , 'discount5' , 5),
(2 , 70 , 'discount10' , 10),
(3 , 70 , 'discount20'  , 20),
(4 , 70 , 'discount25'  , 25),
(5 , 70 , 'discount30'  , 30),

(1 , 71 , 'discount5' , 5),
(2 , 71 , 'discount10' , 10),
(3 , 71 , 'discount20'  , 20),
(4 , 71 , 'discount25'  , 25),
(5 , 71 , 'discount30'  , 30),

(1 , 72 , 'discount5' , 5),
(2 , 72 , 'discount10' , 10),
(3 , 72 , 'discount20'  , 20),
(4 , 72 , 'discount25'  , 25),
(5 , 72 , 'discount30'  , 30),


(1 , 73 , 'discount5' , 5),
(2 , 73 , 'discount10' , 10),
(3 , 73 , 'discount20'  , 20),
(4 , 73 , 'discount25'  , 25),
(5 , 73 , 'discount30'  , 30),

(1 , 74 , 'discount5' , 5),
(2 , 74 , 'discount10' , 10),
(3 , 74 , 'discount20'  , 20),
(4 , 74 , 'discount25'  , 25),
(5 , 74 , 'discount30'  , 30),

(1 , 75 , 'discount5' , 5),
(2 , 75 , 'discount10' , 10),
(3 , 75 , 'discount20'  , 20),
(4 , 75 , 'discount25'  , 25),
(5 , 75 , 'discount30'  , 30),

(1 , 76 , 'discount5' , 5),
(2 , 76 , 'discount10' , 10),
(3 , 76 , 'discount20'  , 20),
(4 , 76 , 'discount25'  , 25),
(5 , 76 , 'discount30'  , 30),

(1 , 77 , 'discount5' , 5),
(2 , 77 , 'discount10' , 10),
(3 , 77 , 'discount20'  , 20),
(4 , 77 , 'discount25'  , 25),
(5 , 77 , 'discount30'  , 30),

(1 , 78 , 'discount5' , 5),
(2 , 78 , 'discount10' , 10),
(3 , 78 , 'discount20'  , 20),
(4 , 78 , 'discount25'  , 25),
(5 , 78 , 'discount30'  , 30),

(1 , 79 , 'discount5' , 5),
(2 , 79 , 'discount10' , 10),
(3 , 79 , 'discount20'  , 20),
(4 , 79 , 'discount25'  , 25),
(5 , 79 , 'discount30'  , 30),

(1 , 80 , 'discount5' , 5),
(2 , 80 , 'discount10' , 10),
(3 , 80 , 'discount20'  , 20),
(4 , 80 , 'discount25'  , 25),
(5 , 80 , 'discount30'  , 30);

insert into `bill`
values
(1,'Da Nang','18-09-2022','Đã giao' ,44444,1),
(2,'Da Nang','18-09-2022','Đang giao',44444,2),
(3,'Da Nang','18-09-2022','Đang giao',44444,3),
(4,'Da Nang','18-09-2022','Đang giao',4444,4),
(5,'Da Nang','18-09-2022','Đang giao',44444,5);

insert into `product_bill`
values
(1 , 1 , '112252' , 1),
(2 , 2 , '445145' , 1),
(3 , 3, '996565' , 1),
(4 , 4 , '125224' , 1),
(5 , 5 , '96558' , 1),

(6 , 1 , '112252' ,  1 ),
(7 , 2 , '445145' ,  1 ),
(8 , 3 , '996565' ,  1 ),
(9 , 4 , '125224' , 1 ),
(10 ,5, '96558' ,1 ),

(11 , 1 , '112252' , 1),
(12 , 2 , '445145' , 1),
(13 , 3, '996565' , 1),
(14 , 4 , '125224' , 1),
(15 , 5 , '96558' , 1),

(16 , 1 , '112252' ,  1 ),
(17 , 2 , '445145' ,  1 ),
(18 , 3 , '996565' ,  1 ),
(19 , 4 , '125224' , 1 ),
(20 ,5, '96558' ,1 ),

(21 , 1 , '112252' , 1),
(22 , 2 , '445145' , 1),
(23 , 3, '996565' , 1),
(24 , 4 , '125224' , 1),
(25 , 5 , '96558' , 1),

(26 , 1 , '112252' ,  1 ),
(27 , 2 , '445145' ,  1 ),
(28 , 3 , '996565' ,  1 ),
(29 , 4 , '125224' , 1 ),
(30 ,5, '96558' ,1 ),

(31 , 1 , '112252' , 1),
(32 , 2 , '445145' , 1),
(33 , 3, '996565' , 1),
(34 , 4 , '125224' , 1),
(35 , 5 , '96558' , 1),

(36 , 1 , '112252' ,  1 ),
(37 , 2 , '445145' ,  1 ),
(38 , 3 , '996565' ,  1 ),
(39 , 4 , '125224' , 1 ),
(40 ,5, '96558' ,1 ),

(41 , 1 , '112252' , 1),
(42 , 2 , '445145' , 1),
(43 , 3, '996565' , 1),
(44 , 4 , '125224' , 1),
(45 , 5 , '96558' , 1),

(46 , 1 , '112252' ,  1 ),
(47 , 2 , '445145' ,  1 ),
(48 , 3 , '996565' ,  1 ),
(49 , 4 , '125224' , 1 ),
(50 ,5, '96558' ,1 ),

(51 , 1 , '112252' , 1),
(52 , 2 , '445145' , 1),
(53 , 3, '996565' , 1),
(54 , 4 , '125224' , 1),
(55 , 5 , '96558' , 1),

(56 , 1 , '112252' ,  1 ),
(57 , 2 , '445145' ,  1 ),
(58 , 3 , '996565' ,  1 ),
(59 , 4 , '125224' , 1 ),
(60 ,5, '96558' ,1 ),

(61 , 1 , '112252' , 1),
(62 , 2 , '445145' , 1),
(63 , 3, '996565' , 1),
(64 , 4 , '125224' , 1),
(65 , 5 , '96558' , 1),

(66 , 1 , '112252' ,  1 ),
(67 , 2 , '445145' ,  1 ),
(68 , 3 , '996565' ,  1 ),
(69 , 4 , '125224' , 1 ),
(70 ,5, '96558' ,1 ),

(71 , 1 , '112252' , 1),
(72 , 2 , '445145' , 1),
(73 , 3, '996565' , 1),
(74 , 4 , '125224' , 1),
(75 , 5 , '96558' , 1),

(76 , 1 , '112252' ,  1 ),
(77 , 2 , '445145' ,  1 ),
(78 , 3 , '996565' ,  1 ),
(79 , 4 , '125224' , 1 ),
(80 ,5, '96558' ,1 );

insert into `auction`
values
(1,1),
(2,2),
(3,3),
(4,4),
(5,5),
(6,6),
(7,7),
(8,8),
(9,9),
(10,10),
(11,11),
(12,12),
(13,13),
(14,14),
(15,15),
(16,16),
(17,17),
(18,18),
(19,19),
(20,20),
(21,21),
(22,22),
(23,23),
(24,24),
(25,25),
(26,26),
(27,27),
(28,28),
(29,29),
(30,30),
(31,31),
(32,32),
(33,33),
(34,34),
(35,35),
(36,36),
(37,37),
(38,38),
(39,39),
(40,40),
(41,41),
(42,42),
(43,43),
(44,44),
(45,45),
(46,46),
(47,47),
(48,48),
(49,49),
(50,50),
(51,51),
(52,52),
(53,53),
(54,54),
(55,55),
(56,56),
(57,57),
(58,58),
(59,59),
(60,60),
(61,61),
(62,62),
(63,63),
(64,64),
(65,65),
(66,66),
(67,67),
(68,68),
(69,69),
(70,70),
(71,71),
(72,72),
(73,73),
(74,74),
(75,75),
(76,76),
(77,77),
(78,78),
(79,79),
(80,80);

insert into `auction_user`
values
(1,1,18-09-2021,10000),
(2,2,18-09-2021,10000),
(3,3,18-09-2021,10000),
(4,4,18-09-2021,10000),
(5,5,18-09-2021,10000),
(6,6,18-09-2021,10000),
(7,7,18-09-2021,10000),
(8,8,18-09-2021,10000),
(9,9,18-09-2021,10000),
(10,10,18-09-2021,10000),
(11,11,18-09-2021,10000),
(12,12,18-09-2021,10000),
(13,13,18-09-2021,10000),
(14,14,18-09-2021,10000),
(15,15,18-09-2021,10000);